{
  "version": 1,
  "author": "Anonymous maker",
  "editor": "wokwi",
  "parts": [
    { "type": "wokwi-breadboard-half", "id": "bb1", "top": 179.4, "left": -83.6, "attrs": {} },
    { "type": "wokwi-arduino-uno", "id": "uno", "top": 432.6, "left": -163.8, "attrs": {} },
    { "type": "wokwi-servo", "id": "servo1", "top": -40.4, "left": 326.4, "attrs": {} },
    { "type": "wokwi-servo", "id": "servo2", "top": 55.6, "left": 326.4, "attrs": {} },
    { "type": "wokwi-servo", "id": "servo3", "top": 161.2, "left": 336, "attrs": {} },
    { "type": "wokwi-servo", "id": "servo4", "top": 266.8, "left": 345.6, "attrs": {} },
    {
      "type": "wokwi-analog-joystick",
      "id": "joystick1",
      "top": 517.8,
      "left": 293.4,
      "attrs": {}
    },
    {
      "type": "wokwi-analog-joystick",
      "id": "joystick2",
      "top": 527.4,
      "left": 437.4,
      "attrs": {}
    }
  ],
  "connections": [
    [ "servo1:GND", "bb1:tn.21", "black", [ "h-144", "v38.4" ] ],
    [ "servo2:GND", "bb1:tn.22", "black", [ "h0" ] ],
    [ "servo3:GND", "bb1:tn.23", "black", [ "h-134.4" ] ],
    [ "servo4:GND", "bb1:tn.24", "black", [ "h0" ] ],
    [ "servo1:V+", "bb1:tp.16", "red", [ "h0" ] ],
    [ "servo2:V+", "bb1:tp.17", "red", [ "h0" ] ],
    [ "servo3:V+", "bb1:tp.18", "red", [ "h0" ] ],
    [ "servo4:V+", "bb1:tp.19", "red", [ "h0" ] ],
    [ "joystick2:VCC", "bb1:bp.25", "red", [ "v9.6", "h-249.6" ] ],
    [ "joystick1:VCC", "bb1:bp.24", "red", [ "v28.8", "h-124.8" ] ],
    [ "joystick1:VERT", "uno:A0", "green", [ "v38.4", "h-297.6" ] ],
    [ "joystick1:HORZ", "uno:A1", "yellow", [ "v48", "h-288" ] ],
    [ "joystick2:VERT", "uno:A2", "green", [ "v48", "h-412.8" ] ],
    [ "joystick2:HORZ", "uno:A3", "yellow", [ "v57.6", "h-412.8" ] ],
    [ "joystick1:GND", "bb1:bn.23", "black", [ "v86.4", "h-9.6" ] ],
    [ "joystick2:GND", "bb1:bn.22", "black", [ "v86.4", "h-345.6" ] ],
    [ "uno:5V", "bb1:bp.16", "red", [ "v19.1", "h119" ] ],
    [ "uno:GND.2", "bb1:bn.17", "black", [ "v28.7", "h3.9" ] ],
    [ "bb1:tp.1", "bb1:bp.1", "red", [ "v0" ] ],
    [ "bb1:bn.2", "bb1:tn.2", "black", [ "v0" ] ],
    [ "servo1:PWM", "uno:9", "orange", [ "h0" ] ],
    [ "servo2:PWM", "uno:6", "orange", [ "h0" ] ],
    [ "servo3:PWM", "uno:5", "orange", [ "h0" ] ],
    [ "servo4:PWM", "uno:3", "orange", [ "h0" ] ]
  ],
  "dependencies": {}
}